"Gene Symbol","Ensembl ID","log₂ Fold Change","Adjusted p-value","Description"
"Perp","ENSMUSG00000019851_Perp",-0.921334211214506,5.04329088130785e-10,"PERP, TP53 apoptosis effector [Source:MGI Symbol;Acc:MGI:1929938]"
"Postn","ENSMUSG00000027750_Postn",0.777695733992607,6.57567031963455e-06,"periostin, osteoblast specific factor [Source:MGI Symbol;Acc:MGI:1926321]"
"Krt19","ENSMUSG00000020911_Krt19",0.607022261483435,0.00113124774183926,"keratin 19 [Source:MGI Symbol;Acc:MGI:96693]"
"Prl8a2","ENSMUSG00000018259_Prl8a2",2.81777196165932,0.00720790595280699,"prolactin family 8, subfamily a, member 2 [Source:MGI Symbol;Acc:MGI:894281]"
"Ptges","ENSMUSG00000050737_Ptges",0.836371233510525,0.0190864176997829,"prostaglandin E synthase [Source:MGI Symbol;Acc:MGI:1927593]"
"Sparcl1","ENSMUSG00000029309_Sparcl1",0.633397069705699,0.0255230306996767,"SPARC-like 1 [Source:MGI Symbol;Acc:MGI:108110]"
"Mmp9","ENSMUSG00000017737_Mmp9",0.919324570433398,0.0289399630387182,"matrix metallopeptidase 9 [Source:MGI Symbol;Acc:MGI:97011]"
"Hoxc10","ENSMUSG00000022484_Hoxc10",0.804823410403205,0.0471811738633338,"homeobox C10 [Source:MGI Symbol;Acc:MGI:96192]"
"Vsir","ENSMUSG00000020101_Vsir",0.68566793598131,0.0481669867850663,"V-set immunoregulatory receptor [Source:MGI Symbol;Acc:MGI:1921298]"
"Lefty2","ENSMUSG00000066652_Lefty2",-2.04366722773405,0.0579459133828783,"left-right determination factor 2 [Source:MGI Symbol;Acc:MGI:2443573]"
